-- MySQL dump 10.13  Distrib 8.0.44, for Win64 (x86_64)
--
-- Host: localhost    Database: dishcovery_dev
-- ------------------------------------------------------
-- Server version	8.0.44

/*!40101 SET @OLD_CHARACTER_SET_CLIENT=@@CHARACTER_SET_CLIENT */;
/*!40101 SET @OLD_CHARACTER_SET_RESULTS=@@CHARACTER_SET_RESULTS */;
/*!40101 SET @OLD_COLLATION_CONNECTION=@@COLLATION_CONNECTION */;
/*!50503 SET NAMES utf8mb4 */;
/*!40103 SET @OLD_TIME_ZONE=@@TIME_ZONE */;
/*!40103 SET TIME_ZONE='+00:00' */;
/*!40014 SET @OLD_UNIQUE_CHECKS=@@UNIQUE_CHECKS, UNIQUE_CHECKS=0 */;
/*!40014 SET @OLD_FOREIGN_KEY_CHECKS=@@FOREIGN_KEY_CHECKS, FOREIGN_KEY_CHECKS=0 */;
/*!40101 SET @OLD_SQL_MODE=@@SQL_MODE, SQL_MODE='NO_AUTO_VALUE_ON_ZERO' */;
/*!40111 SET @OLD_SQL_NOTES=@@SQL_NOTES, SQL_NOTES=0 */;

--
-- Table structure for table `category`
--

DROP TABLE IF EXISTS `category`;
/*!40101 SET @saved_cs_client     = @@character_set_client */;
/*!50503 SET character_set_client = utf8mb4 */;
CREATE TABLE `category` (
  `id` int NOT NULL AUTO_INCREMENT,
  `category_name` varchar(255) DEFAULT NULL,
  PRIMARY KEY (`id`)
) ENGINE=InnoDB AUTO_INCREMENT=8 DEFAULT CHARSET=utf8mb4 COLLATE=utf8mb4_0900_ai_ci;
/*!40101 SET character_set_client = @saved_cs_client */;

--
-- Dumping data for table `category`
--

LOCK TABLES `category` WRITE;
/*!40000 ALTER TABLE `category` DISABLE KEYS */;
INSERT INTO `category` VALUES (1,'Main Course'),(2,'Appetizer'),(3,'Dessert'),(4,'Side Dish'),(5,'Soup'),(6,'Bread'),(7,'Beverage');
/*!40000 ALTER TABLE `category` ENABLE KEYS */;
UNLOCK TABLES;

--
-- Table structure for table `country`
--

DROP TABLE IF EXISTS `country`;
/*!40101 SET @saved_cs_client     = @@character_set_client */;
/*!50503 SET character_set_client = utf8mb4 */;
CREATE TABLE `country` (
  `id` int NOT NULL AUTO_INCREMENT,
  `country_name` varchar(63) DEFAULT NULL,
  `main_language_id` int DEFAULT NULL,
  `population` bigint DEFAULT NULL,
  `capital` varchar(63) DEFAULT NULL,
  `region_id` int DEFAULT NULL,
  PRIMARY KEY (`id`),
  KEY `main_language_id` (`main_language_id`),
  KEY `region_id` (`region_id`),
  CONSTRAINT `country_ibfk_1` FOREIGN KEY (`main_language_id`) REFERENCES `language` (`id`),
  CONSTRAINT `country_ibfk_2` FOREIGN KEY (`region_id`) REFERENCES `region` (`id`)
) ENGINE=InnoDB AUTO_INCREMENT=240 DEFAULT CHARSET=utf8mb4 COLLATE=utf8mb4_0900_ai_ci;
/*!40101 SET character_set_client = @saved_cs_client */;

--
-- Dumping data for table `country`
--

LOCK TABLES `country` WRITE;
/*!40000 ALTER TABLE `country` DISABLE KEYS */;
INSERT INTO `country` VALUES (1,'China',1,1413142846,NULL,1),(2,'India',2,1399179585,NULL,2),(3,'United States',3,339665118,NULL,3),(4,'Indonesia',4,279476346,NULL,4),(5,'Pakistan',5,247653551,NULL,5),(6,'Nigeria',6,230842743,NULL,6),(7,'Brazil',7,218689757,NULL,7),(8,'Bangladesh',8,167184465,NULL,8),(9,'Russia',9,141698923,NULL,9),(10,'Mexico',10,129875529,NULL,10),(11,'Japan',11,123719238,NULL,11),(12,'Ethiopia',12,116462712,NULL,12),(13,'Philippines',13,116434200,NULL,13),(14,'Democratic Republic of the Congo',14,111859928,NULL,14),(15,'Egypt',15,109546720,NULL,15),(16,'Vietnam',16,104799174,NULL,16),(17,'Iran',17,87590873,NULL,17),(18,'Germany',18,84220184,NULL,18),(19,'Turkey',19,83593483,NULL,19),(20,'Thailand',20,69794997,NULL,20),(21,'France',21,68521974,NULL,21),(22,'United Kingdom',22,68138484,NULL,22),(23,'Tanzania',23,65642682,NULL,23),(24,'Italy',24,61021855,NULL,24),(25,'South Africa',25,58048332,NULL,25),(26,'Myanmar',26,57970293,NULL,26),(27,'Kenya',27,57052004,NULL,27),(28,'South Korea',28,51966948,NULL,28),(29,'Colombia',29,49336454,NULL,29),(30,'Sudan',30,49197555,NULL,30),(31,'Uganda',31,47729952,NULL,31),(32,'Spain',32,47222613,NULL,32),(33,'Argentina',33,46621847,NULL,33),(34,'Algeria',34,44758398,NULL,34),(35,'Ukraine',35,43306477,NULL,35),(36,'Iraq',36,41266109,NULL,36),(37,'Afghanistan',37,39232003,NULL,37),(38,'Canada',38,38516736,NULL,38),(39,'Poland',39,37991766,NULL,39),(40,'Morocco',40,37067420,NULL,40),(41,'Angola',41,35981281,NULL,41),(42,'Saudi Arabia',42,35939806,NULL,42),(43,'Malaysia',43,34219975,NULL,43),(44,'Ghana',44,33846114,NULL,44),(45,'Mozambique',45,32513805,NULL,45),(46,'Peru',46,32440172,NULL,46),(47,'Yemen',47,31565602,NULL,47),(48,'Uzbekistan',48,31360836,NULL,48),(49,'Nepal',49,30899443,NULL,49),(50,'Venezuela',50,30518260,NULL,50),(51,'Cameroon',51,30135732,NULL,51),(52,'Ivory Coast',52,29344847,NULL,52),(53,'Madagascar',53,28812195,NULL,53),(54,'Australia',54,26461166,NULL,54),(55,'North Korea',55,26072217,NULL,55),(56,'Niger',56,25396840,NULL,56),(57,'Taiwan',57,23588613,NULL,57),(58,'Sri Lanka',58,23326272,NULL,58),(59,'Syria',59,22933531,NULL,59),(60,'Burkina Faso',60,22489126,NULL,60),(61,'Mali',61,21359722,NULL,61),(62,'Malawi',62,21279597,NULL,62),(63,'Zambia',63,20216029,NULL,63),(64,'Kazakhstan',64,19543464,NULL,64),(65,'Chile',65,18549457,NULL,65),(66,'Chad',66,18523165,NULL,66),(67,'Senegal',67,18384660,NULL,67),(68,'Romania',68,18326327,NULL,68),(69,'Guatemala',69,17980803,NULL,69),(70,'Ecuador',70,17483326,NULL,70),(71,'Netherlands',71,17463930,NULL,71),(72,'Cambodia',72,16891245,NULL,72),(73,'Zimbabwe',73,15418674,NULL,73),(74,'Benin',74,14219908,NULL,74),(75,'Guinea',75,13607249,NULL,75),(76,'Rwanda',76,13400541,NULL,76),(77,'Burundi',77,13162952,NULL,77),(78,'Somalia',78,12693796,NULL,78),(79,'Bolivia',79,12186079,NULL,79),(80,'South Sudan',80,12118379,NULL,80),(81,'Tunisia',81,11976182,NULL,81),(82,'Belgium',82,11913633,NULL,82),(83,'Haiti',83,11470261,NULL,83),(84,'Jordan',84,11086716,NULL,84),(85,'Cuba',85,10985974,NULL,85),(86,'Dominican Republic',86,10790744,NULL,86),(87,'Czech Republic',87,10706242,NULL,87),(88,'Sweden',88,10536338,NULL,88),(89,'Greece',89,10497595,NULL,89),(90,'Azerbaijan',90,10420515,NULL,90),(91,'Portugal',91,10223150,NULL,91),(92,'United Arab Emirates',92,9973449,NULL,92),(93,'Papua New Guinea',93,9819350,NULL,93),(94,'Hungary',94,9670009,NULL,94),(95,'Honduras',95,9571352,NULL,95),(96,'Belarus',96,9383853,NULL,96),(97,'Tajikistan',97,9245937,NULL,97),(98,'Israel',98,9043387,NULL,98),(99,'Austria',99,8940860,NULL,99),(100,'Sierra Leone',100,8908040,NULL,100),(101,'Togo',101,8703961,NULL,101),(102,'Switzerland',102,8563760,NULL,102),(103,'Laos',103,7852377,NULL,103),(104,'Paraguay',104,7439863,NULL,104),(105,'Hong Kong',105,7288167,NULL,105),(106,'Libya',106,7252573,NULL,106),(107,'Bulgaria',107,6827736,NULL,107),(108,'Serbia',108,6693375,NULL,108),(109,'El Salvador',109,6602370,NULL,109),(110,'Nicaragua',110,6359689,NULL,110),(111,'Eritrea',111,6274796,NULL,111),(112,'Kyrgyzstan',112,6122781,NULL,112),(113,'Singapore',113,5975383,NULL,113),(114,'Denmark',114,5946984,NULL,114),(115,'Turkmenistan',115,5690818,NULL,115),(116,'Republic of the Congo',116,5677493,NULL,116),(117,'Finland',117,5614571,NULL,117),(118,'Norway',118,5597924,NULL,118),(119,'Central African Republic',119,5552228,NULL,119),(120,'Liberia',120,5506280,NULL,120),(121,'Slovakia',121,5425319,NULL,121),(122,'Lebanon',122,5331203,NULL,122),(123,'Ireland',123,5323991,NULL,123),(124,'Costa Rica',124,5256612,NULL,124),(125,'New Zealand',125,5109702,NULL,125),(126,'Georgia',126,4927228,NULL,126),(127,'Panama',127,4404108,NULL,127),(128,'Mauritania',128,4244878,NULL,128),(129,'Croatia',129,4169239,NULL,129),(130,'Oman',130,3833465,NULL,130),(131,'Bosnia and Herzegovina',131,3807764,NULL,131),(132,'Uruguay',132,3416264,NULL,132),(133,'Mongolia',133,3255468,NULL,133),(134,'Moldova',134,3250532,NULL,134),(135,'Kuwait',135,3103580,NULL,135),(136,'Albania',136,3101621,NULL,136),(137,'Puerto Rico',137,3057311,NULL,137),(138,'Armenia',138,2989091,NULL,138),(139,'West Bank',139,2949246,NULL,139),(140,'Jamaica',140,2820982,NULL,140),(141,'Namibia',141,2777232,NULL,141),(142,'Lithuania',142,2655755,NULL,142),(143,'Qatar',143,2532104,NULL,143),(144,'The Gambia',144,2468569,NULL,144),(145,'Botswana',145,2417596,NULL,145),(146,'Gabon',146,2397368,NULL,146),(147,'Lesotho',147,2210646,NULL,147),(148,'North Macedonia',148,2133410,NULL,148),(149,'Slovenia',149,2099790,NULL,149),(150,'Guinea-Bissau',150,2078820,NULL,150),(151,'Kosovo',151,1964327,NULL,151),(152,'Latvia',152,1821750,NULL,152),(153,'Equatorial Guinea',153,1737695,NULL,153),(154,'Bahrain',154,1553886,NULL,154),(155,'Timor-Leste',155,1476042,NULL,155),(156,'Trinidad and Tobago',156,1407460,NULL,156),(157,'Mauritius',157,1309448,NULL,157),(158,'Cyprus',158,1308120,NULL,158),(159,'Estonia',159,1202762,NULL,159),(160,'Eswatini',160,1130043,NULL,160),(161,'Djibouti',161,976143,NULL,161),(162,'Fiji',162,947760,NULL,162),(163,'Comoros',163,888378,NULL,163),(164,'Bhutan',164,876181,NULL,164),(165,'Guyana',165,791739,NULL,165),(166,'Solomon Islands',166,714766,NULL,166),(167,'Luxembourg',167,660924,NULL,167),(168,'Macau',168,639971,NULL,168),(169,'Suriname',169,639759,NULL,169),(170,'Cape Verde',170,603901,NULL,170),(171,'Montenegro',171,602445,NULL,171),(172,'Western Sahara',172,565581,NULL,172),(173,'Maldives',173,521021,NULL,173),(174,'Brunei',174,484991,NULL,174),(175,'Malta',175,467138,NULL,175),(176,'Belize',176,419137,NULL,176),(177,'Guadeloupe',177,378561,NULL,177),(178,'Iceland',178,360872,NULL,178),(179,'The Bahamas',179,358508,NULL,179),(180,'Vanuatu',180,313046,NULL,180),(181,'Barbados',181,303431,NULL,181),(182,'French Polynesia',182,301488,NULL,182),(183,'New Caledonia',183,300682,NULL,183),(184,'São Tomé and Príncipe',184,220372,NULL,184),(185,'Samoa',185,207501,NULL,185),(186,'Guam',186,169330,NULL,186),(187,'Saint Lucia',187,167591,NULL,187),(188,'Curaçao',188,152849,NULL,188),(189,'Aruba',189,123702,NULL,189),(190,'Kiribati',190,115372,NULL,190),(191,'Grenada',191,114299,NULL,191),(192,'Tonga',192,105221,NULL,192),(193,'United States Virgin Islands',193,104917,NULL,193),(194,'Jersey',194,102785,NULL,194),(195,'Antigua and Barbuda',195,101489,NULL,195),(196,'Saint Vincent and the Grenadines',196,100804,NULL,196),(197,'Federated States of Micronesia',197,100319,NULL,197),(198,'Seychelles',198,97617,NULL,198),(199,'Isle of Man',199,91840,NULL,199),(200,'Andorra',200,85468,NULL,200),(201,'Marshall Islands',201,80966,NULL,201),(202,'Dominica',202,74656,NULL,202),(203,'Bermuda',203,72576,NULL,203),(204,'Guernsey',204,67642,NULL,204),(205,'Cayman Islands',205,65483,NULL,205),(206,'Turks and Caicos Islands',206,59367,NULL,206),(207,'Greenland',207,57777,NULL,207),(208,'Saint Kitts and Nevis',208,54817,NULL,208),(209,'Faroe Islands',209,52600,NULL,209),(210,'Northern Mariana Islands',210,51295,NULL,210),(211,'Sint Maarten',211,45677,NULL,211),(212,'American Samoa',212,44620,NULL,212),(213,'Liechtenstein',213,39993,NULL,213),(214,'British Virgin Islands',214,39369,NULL,214),(215,'San Marino',215,34892,NULL,215),(216,'Saint-Martin',216,32897,NULL,216),(217,'Monaco',217,31597,NULL,217),(218,'Caribbean Netherlands',218,30397,NULL,218),(219,'Gibraltar',219,29629,NULL,219),(220,'Palau',220,21779,NULL,220),(221,'Anguilla',221,19079,NULL,221),(222,'Wallis and Futuna',222,15929,NULL,222),(223,'Tuvalu',223,11639,NULL,223),(224,'Nauru',224,9852,NULL,224),(225,'Cook Islands',225,7939,NULL,225),(226,'Saint Helena, Ascension and Tristan da Cunha',226,7935,NULL,226),(227,'Saint Barthélemy',227,7093,NULL,227),(228,'Montserrat',228,5440,NULL,228),(229,'Saint Pierre and Miquelon',229,5195,NULL,229),(230,'Falkland Islands',230,3662,NULL,230),(231,'Svalbard and Jan Mayen',231,2926,NULL,231),(232,'Christmas Island',232,2205,NULL,232),(233,'Niue',233,2000,NULL,233),(234,'Norfolk Island',234,1748,NULL,234),(235,'Tokelau',235,1647,NULL,235),(236,'Vatican City',236,1000,NULL,236),(237,'Cocos (Keeling) Islands',237,596,NULL,237),(238,'United States Minor Outlying Islands',238,300,NULL,238),(239,'Pitcairn Islands',239,50,NULL,239);
/*!40000 ALTER TABLE `country` ENABLE KEYS */;
UNLOCK TABLES;

--
-- Table structure for table `dish`
--

DROP TABLE IF EXISTS `dish`;
/*!40101 SET @saved_cs_client     = @@character_set_client */;
/*!50503 SET character_set_client = utf8mb4 */;
CREATE TABLE `dish` (
  `id` int NOT NULL AUTO_INCREMENT,
  `country_id` int DEFAULT NULL,
  `name` varchar(255) DEFAULT NULL,
  `description` text,
  `image_url` varchar(511) DEFAULT NULL,
  `is_national_dish` tinyint(1) DEFAULT '0',
  PRIMARY KEY (`id`),
  KEY `country_id` (`country_id`),
  CONSTRAINT `dish_ibfk_1` FOREIGN KEY (`country_id`) REFERENCES `country` (`id`)
) ENGINE=InnoDB AUTO_INCREMENT=312 DEFAULT CHARSET=utf8mb4 COLLATE=utf8mb4_0900_ai_ci;
/*!40101 SET character_set_client = @saved_cs_client */;

--
-- Dumping data for table `dish`
--

LOCK TABLES `dish` WRITE;
/*!40000 ALTER TABLE `dish` DISABLE KEYS */;
INSERT INTO `dish` VALUES (1,136,'Fergese Tirane','casserole','https://abcnews.al/wp-content/uploads/2021/04/fergesa.jpg',0),(2,136,'Tave Kosi','casserole','https://blog.remitly.com/wp-content/uploads/2023/09/GettyImages-1284553454-scaled.jpg',1),(3,34,'Couscous','couscous','https://topteenrecipes.com/wp-content/uploads/2022/05/Webp.net-compress-image-1-4.jpg',1),(4,41,'Muamba de Galinha','stew','https://www.nationaldish.world/wp-content/uploads/angola-Muamba-de-Galinha-national-dish.jpg',1),(5,41,'Funge','porridge','https://cdn.tasteatlas.com/images/dishes/2df5715b082c4bceb1c2298d2e1e93b5.jpg?w=600&h=400',0),(6,195,'Fungee and Pepperpot','stew','https://images.slurrp.com/prod/recipe_images/transcribe/snacks/Fungee-and-pepperpot.webp?impolicy=slurrp-20210601&width=1200&height=675',1),(7,33,'Matambre Arrolado','steak','https://www.demoslavueltaaldia.com/sites/default/files/matambre-arrollado-diferente.jpg',0),(8,33,'Parrillada (Asado)','grilled meat','https://phantom-elmundo.unidadeditorial.es/69c49ea458e42031a4cda5310e12facd/crop/0x487/2448x2119/resize/473/f/webp/assets/multimedia/imagenes/2021/08/07/16283199934432.jpg',1),(9,138,'Khash','soup','https://armeniantrip.com/wp-content/uploads/2018/04/Khash-1.jpg',1),(10,138,'Khorovadz','kebab','https://phoenixtour.org/wp-content/uploads/2022/07/02-KHOROVATS.jpg',0),(11,54,'Meat Pie','pie','https://eatlittlebird.com/wp-content/uploads/2012/09/classic-meat-pies-2.jpg',0),(12,54,'Scone-topped Beef Casserole','casserole','https://assets.yourlifechoices.com.au/2022/05/17152958/beef-cobbler730.jpg',0),(13,54,'Australian Grilled Lamb Chops','grilled meat','https://smokeygoodness.com/wp-content/uploads/2021/08/Australian-lamb-chops-header.jpg',0),(14,54,'Traditional roast lamb','meat dish','https://www.thespruceeats.com/thmb/PxT2MOIFi740X2vXGrjutLNGdHA=/4500x3000/filters:fill(auto,1)/traditional-lamb-roast-recipe-256302-hero-01-2d61427d8c264d9e8f2c12a771e75414.jpg',1),(15,99,'Wiener Schnitzel','schnitzel','https://www.thespruceeats.com/thmb/7NPVCENogzHMv3hdIaj5yIBT1wQ=/750x0/filters:no_upscale():max_bytes(150000):strip_icc():format(webp)/SES-wiener-schnitzel-recipe-1447089-hero-02-18827aac4cbd4aec926350d4f9778e70.jpg',1),(16,99,'Tafelspitz','cooked meat','https://img2.kochrezepte.at/450x300/1/tafelspitz_1716.jpg',0),(17,90,'Dolma','stuffed vine leaves','https://persiangood.com/wp-content/uploads/2020/08/1-min-4-500x500.jpg',1),(18,90,'Shashlik','kebab','https://butteroverbae.com/wp-content/uploads/2023/07/chicken-shashlik-dry-recipe-card.jpg',0),(19,154,'Machboos','rice dish','https://thebuslifekitchen.com/wp-content/uploads/2022/11/qatar-machboos-recipe.jpg',1),(20,8,'Biryani','rice dish','https://www.thespruceeats.com/thmb/SalyKjzBU-K1Bv-FTFWnbd6ckjY=/2121x1414/filters:fill(auto,1)/GettyImages-639704020-5c4a63ecc9e77c00017bfebf.jpg',1),(21,8,'Do Macha','curry','https://i.ytimg.com/vi/nS1RHuZ3m0U/maxresdefault.jpg',0),(22,181,'Coucou and Flying Fish','seafood','https://jamaicans.com/wp-content/uploads/Barbados-Flying-Fish-and-Cou-Cou-Recipe.jpg',1),(23,96,'Manchanka and Draniki','stew','https://www.nationaldish.world/wp-content/uploads/belarussian-draniki-1200x675.jpg',1),(24,82,'Moules et frites','seafood','https://th.bing.com/th/id/R.846c856558f0244edf0bc548835da471?rik=grRexs45L4LdHw&pid=ImgRaw&r=0',1),(25,82,'Vlaamse Stoofkarbonaden','stew','https://th.bing.com/th/id/OIP.mmJO_6m_LiJW38Zf9_9GyQHaEo?w=298&h=186&c=7&r=0&o=7&pid=1.7&rm=3',0),(26,176,'Stewed Chicken','stew','https://recipetineats.com/wp-content/uploads/2018/05/Chicken-Stew_7.jpg',0),(27,176,'Boil up','boiled meat','https://tse2.mm.bing.net/th/id/OIP.uf3UHXmoOphlvk73sFfYnQHaFj?rs=1&pid=ImgDetMain&o=7&rm=3',1),(28,176,'Rice and Beans','rice dish','https://altonbrown.com/wp-content/uploads/2020/08/brown-rice-and-beans-scaled.jpeg',0),(29,74,'Peanut soup','soup','https://feastingnotfasting.com/wp-content/uploads/2014/04/African-Peanut-Soup-34.jpg',1),(30,164,'Ema Datshi','vegetable dish','https://www.196flavors.com/wp-content/uploads/2013/10/ema-datshi-2-FP.jpg',1),(31,79,'Saltenas','dumplings','https://th.bing.com/th/id/OIP.kBhAM2Os9p4UkavNdFZtdwHaFj?w=246&h=185&c=7&r=0&o=7&pid=1.7&rm=3',1),(32,79,'Aji de Lengua','stew','https://tse1.mm.bing.net/th/id/OIP.jLmzroFipOjTUlGlYJdYagHaE8?rs=1&pid=ImgDetMain&o=7&rm=3',0),(33,131,'Cevapi','kebab','https://www.wandercooks.com/wp-content/uploads/2020/09/cevapi-beef-sausages-ft-1-1024x1024.jpg',1),(34,131,'Bosanski Lonac','stew','https://tse3.mm.bing.net/th/id/OIP.ZAnBPS_0CJL4U6tLEVVbyAHaE8?rs=1&pid=ImgDetMain&o=7&rm=3',0),(35,7,'Feijoada','stew','https://th.bing.com/th/id/OIP.GFUwoB2LNSNdd92BVQKs7QHaEJ?o=7rm=3&rs=1&pid=ImgDetMain&o=7&rm=3',1),(36,107,'Banitsa','stuffed pastry','https://tse1.mm.bing.net/th/id/OIP.kFk3GdM8Gizo6xgFWau4AgHaHa?rs=1&pid=ImgDetMain&o=7&rm=3',0),(37,107,'Bob Chorba','soup','https://th.bing.com/th/id/OIP.vkidgfGGOWDTTQyoARJKZQHaE8?w=250&h=180&c=7&r=0&o=7&pid=1.7&rm=3',1),(38,60,'Riz Gras','rice dish','https://i.ytimg.com/vi/YIgkTRXM7oQ/maxresdefault.jpg',1),(39,77,'Elephant Soup','soup','https://2.bp.blogspot.com/-ECyzIUfxalY/Vmr58Rb03TI/AAAAAAAABvc/XymOXtMThOs/s1600/elephant%2Bsoup%2Bcopy.JPG',1),(40,77,'Boko Boko Harees','stew','https://th.bing.com/th/id/OIP.PkfMD2xbi45ySZ1nuk-0wAHaEG?w=331&h=184&c=7&r=0&o=7&pid=1.7&rm=3',0),(41,72,'Amok trei','fish dish','https://tse2.mm.bing.net/th/id/OIP.EaAmjIqMDe-3nlUUwOpKBAHaFj?rs=1&pid=ImgDetMain&o=7&rm=3',1),(42,72,'Samlor Kako','soup','https://tse1.explicit.bing.net/th/id/OIP._xU_1JNxYan44OQJjmCMeQHaHG?rs=1&pid=ImgDetMain&o=7&rm=3',0),(43,51,'Ndole','soup','https://th.bing.com/th/id/OIP.NWYFixdmfbQ6MRKunZRHLwHaGQ?o=7rm=3&rs=1&pid=ImgDetMain&o=7&rm=3',1),(44,51,'Fufu','porridge','https://www.smithsfoodanddrug.com/content/v2/binary/image/imageset/fufu--32_fufu_p_23-tkc-0180_b-copy.jpg',0),(45,38,'Roast Beef with potatoes','meat dish','https://th.bing.com/th/id/OIP.yqsm54u9ygoZUQ4H5lJ-6wHaE8?o=7rm=3&rs=1&pid=ImgDetMain&o=7&rm=3',0),(46,38,'Poutine','fried potatoes','https://cdn.tasteatlas.com/images/recipes/88753ad52d2443468569929cf7ba6468.jpg?mw=1300',1),(47,170,'Cachupa','stew','https://th.bing.com/th/id/OIP.Cc3q0I6zxyUb4SJE219TegHaFF?w=278&h=191&c=7&r=0&o=7&pid=1.7&rm=3',1),(48,119,'Beef in Peanut Sauce','stew','https://prod-spinneys-cdn-new.azureedge.net/media/images/Beef_satay_with_peanut_sauce.2e16d0ba.fill-1200x1200.jpg',0),(49,119,'Peanut Soup','soup','https://tse4.mm.bing.net/th/id/OIP.89nWKr7d0XlRscG3153gYwHaLH?rs=1&pid=ImgDetMain&o=7&rm=3',1),(50,119,'Gozo or Fufu','porridge','https://tse3.mm.bing.net/th/id/OIP.chYXMTGvKl58cLZ4CKPvMwHaEK?rs=1&pid=ImgDetMain&o=7&rm=3',0),(51,66,'Jarret de Boeuf','stew','https://tse1.mm.bing.net/th/id/OIP.WWVQkw6AvnIR3VQcGDlBQgHaFj?rs=1&pid=ImgDetMain&o=7&rm=3',0),(52,66,'Koko na Nyama','stew','https://tse4.mm.bing.net/th/id/OIP.sQxwIPDGZhY3cCwu6aGoFgHaEX?rs=1&pid=ImgDetMain&o=7&rm=3',0),(53,66,'Boule','porridge','https://tse4.mm.bing.net/th/id/OIP.4xaX0vqlxuWlhjFWIkMk7QHaE8?rs=1&pid=ImgDetMain&o=7&rm=3',1),(54,65,'Empanadas de Pino','stuffed pastry','https://th.bing.com/th/id/OIP.o09rWxC3wDs4atmFAcRv2AHaE8?o=7rm=3&rs=1&pid=ImgDetMain&o=7&rm=3',1),(55,65,'Humitas','dumplings','https://tse4.mm.bing.net/th/id/OIP.z5DQxeZ-NdvZB26YJyS9EgHaE_?rs=1&pid=ImgDetMain&o=7&rm=3',0),(56,65,'Cazuela de Vaca','stew','https://tse2.mm.bing.net/th/id/OIP.dIjiYOm88GgPLgvSu9BaUwHaFP?rs=1&pid=ImgDetMain&o=7&rm=3',0),(57,1,'Baozi','dumplings','https://images.pexels.com/photos/7364040/pexels-photo-7364040.jpeg',0),(58,1,'Wonton Soup','soup','https://therecipecritic.com/wp-content/uploads/2022/09/wonton-soup-3-2.jpg',0),(59,1,'Cold Noodles with Peanut Sauce','noodle dish','https://tse4.mm.bing.net/th/id/OIP.Wzcg4VRM07JeqvdMfFn_tQHaLH?rs=1&pid=ImgDetMain&o=7&rm=3',0),(60,1,'Mu Shu Pork','stew','https://www.dinneratthezoo.com/wp-content/uploads/2020/12/moo-shu-pork-final-1.jpg',0),(61,1,'Penking Duck','meat dish','https://www.amerigas.com/-/media/project/amerigas/blog/website-assets-recipe-images_2023_800x600_pekingduck.jpg',1),(62,1,'Fried Rice','rice dish','https://tse1.mm.bing.net/th/id/OIP.arpuUjRnPEEn1MSkaBfbfQHaJ4?rs=1&pid=ImgDetMain&o=7&rm=3',0),(63,1,'Mah Gu Gai Pin','meat dish','https://media.istockphoto.com/id/2156478252/photo/moo-goo-gai-pan-or-mah-gu-gai-pan-is-the-chinese-dish-chicken-with-mushroom-in-savory-sauce.jpg?s=1024x1024&w=is&k=20&c=UN1ooCUo8gKfyDBv08YjF_qZH12jSNRLK9nOX_-BnqQ=',0),(64,29,'Ajiaco','stew','https://immigrantstable.com/wp-content/uploads/2021/04/Colombian-Ajiaco-recipe-4-1536x1024.jpg',0),(65,29,'Badeja Paisa','platter','https://th.bing.com/th/id/OIP.K-CRhSieMhE--fZD3egNaAHaF7?o=7rm=3&rs=1&pid=ImgDetMain&o=7&rm=3',1),(66,29,'Sancocho de Gallina','soup','https://goya.es/storage/posts/sopa-sancocho-gallina-olla.webp ',0),(67,163,'Langouste a la vanille','seafood','https://www.internationalcuisine.com/wp-content/uploads/2015/01/Comoros-lobster-with-vanilla-sauce-1024x685.jpg ',1),(68,116,'Yassa a La Poulet','meat dish','https://upload.wikimedia.org/wikipedia/commons/c/cb/Poulet_Yassa.JPG ',1),(69,116,'Poulet a la Moambe','meat dish','https://upload.wikimedia.org/wikipedia/commons/f/fa/Poulet_%C3%A0_la_moambe.JPG ',0),(70,124,'Gallo Pinto','rice dish','https://upload.wikimedia.org/wikipedia/commons/5/54/Costa_Rican_Gallo_Pinto.jpg ',1),(71,124,'Arroz Guacho','rice dish',' https://i.pinimg.com/564x/8c/e8/6f/8ce86f74a1f81c8fc06aa2459a0ef5d6.jpg ',0),(72,129,'Brudet','stew','https://travelhonestly.com/wp-content/uploads/2024/08/brudet-FT2-500x500.jpg',0),(73,129,'Cevapcici','grilled meat','https://philosokitchen.com/wp-content/uploads/2019/06/cevapcici-and-sandwich-final-1-squared-MAX-720x720.jpg',0),(74,129,'Istrian Jota','stew','https://thepeasantsdaughter.net/wp-content/uploads/2024/02/jota-istrian-soup-beans-sauerkraut.jpg ',1),(75,85,'Platillo Moros y Cristianos','rice dish','https://rms-media-prod.generalmills.com/bf08c0ad-da5f-4c9e-8fb1-bcc63dd70fa6.jpg',1),(76,85,'Ropa Vieja','stew','https://static01.nyt.com/images/2020/10/07/dining/05kenjirex1/05kenjirex1-mediumSquareAt3X.jpg',0),(77,158,'Souvla','grilled meat','https://images.squarespace-cdn.com/content/v1/65b2e91bd9021e2a6e6c1fbf/4c9deabf-ced8-446d-9926-135f05357fe8/IMG_4787.jpg',1),(78,158,'Fasolada','soup','https://thegreekfoodie.com/wp-content/uploads/2023/12/Fasolada_Greek_white_bean_soup_sq.jpg',0),(79,87,'Svickova ','meat dish','https://www.cooklikeczechs.com/wp-content/uploads/2021/02/czech-svickova-sauce-1.jpg',0),(80,87,'Vepro Knedlo Zelo','meat dish','https://polyphagicabby.com/wp-content/uploads/2024/02/img_7264-2.jpg?w=740',1),(81,14,'Poulet a la Moambe','meat dish','https://www.notesfromamessykitchen.com/wp-content/uploads/2017/04/IMG_20170424_192819.jpg',1),(82,14,'Babute','meat dish','https://www.shutterstock.com/shutterstock/photos/265021793/display_1500/stock-photo-babute-african-dish-originating-region-of-the-congo-265021793.jpg',0),(83,114,'Stegt Flaesk med Persillesovs','meat dish','https://www.chefspencil.com/wp-content/uploads/Stegt-flaesk-med-persillesovs-1.jpg',1),(84,114,'Frikadeller','meatballs','https://www.tasteofhome.com/wp-content/uploads/2025/02/Danish-Meatballs-with-Pan-Gravy_EXPS_TOHD24_188549_ChristineMa_5.jpg',0),(85,161,'Skoudehkaris','stew','https://cdn.tasteatlas.com/Images/Dishes/160ed2a29ee0432b9caae00fc7808618.jpg?m=facebook',1),(86,161,'Fah-Fah','soup','https://www.internationalcuisine.com/wp-content/uploads/2015/04/Djibouti-soup-1024x684-1.jpg',0),(87,202,'Mountain Chicken','frog legs','https://www.internationalcuisine.com/wp-content/uploads/2015/04/Dominica-Mountain-Chicken-Vertical-684x1024.jpg',1),(88,202,'Callaloo','soup','https://static01.nyt.com/images/2018/12/19/dining/19Jamaican-A/merlin_147982794_9c5db5db-fd56-488c-853b-29fa982cff46-jumbo.jpg',0),(89,86,'Sancocho Cruzado','soup','https://lamargaritaonline.com/cdn/shop/files/Sancocho_9f5ee4bf-7b0d-482a-8fde-f1ac198ebe61_720x.jpg?v=1707857825',1),(90,86,'La Bandera Dominicana','lunch meal','https://thumbs.dreamstime.com/z/la-bandera-dominicana-national-traditional-lunch-dish-consists-rice-red-beans-meat-272253651.jpg',0),(91,70,'Ceviche','salad','https://www.feastingathome.com/wp-content/uploads/2015/04/Ceviche-Recipe.jpg',1),(92,70,'Llapingachos','patties','https://www.thespruceeats.com/thmb/S4HNbiqs65f9yKFa8HxtcZCfjnE=/1500x0/filters:no_upscale():max_bytes(150000):strip_icc()/llapingachos-56a8a5353df78cf7729f60dc.jpg',0),(93,70,'Encebollado de pescado','soup','https://www.laylita.com/recipes/wp-content/uploads/2008/03/Encebollado-atun.jpg',0),(94,70,'Guatita','stew','https://upload.wikimedia.org/wikipedia/commons/b/b1/Guatita_%28gastronom%C3%ADa_Ecuatoriana%29.jpg',0),(95,15,'Molokhia','soup','https://www.simplyleb.com/wp-content/uploads/Molokhia-17.jpg',0),(96,15,'Koushari','vegetable dish','https://encrypted-tbn0.gstatic.com/images?q=tbn:ANd9GcTr49m0oKrJm4PNcT-ovnee3HXMs4u4xdkezA&s',1),(97,15,'Falafel','street food','https://s7300.pcdn.co/wp-content/uploads/2023/01/falafel-2.jpg',0),(98,109,'Tamales de Elote','tamales','https://inmamamaggieskitchen.com/wp-content/uploads/2024/12/Tamales-de-Elote.jpg',0),(99,109,'Pupusa','tortilla','https://encrypted-tbn0.gstatic.com/images?q=tbn:ANd9GcQuC064LJuu5lwNXCVXDTqOaSrAK_x77aL3Yg&s',1),(100,109,'Carne Asada','grilled meat','https://www.onionringsandthings.com/wp-content/uploads/2016/09/carneasada1.jpg',0),(101,153,'Pick-a-Pepper Soup','soup','https://encrypted-tbn0.gstatic.com/images?q=tbn:ANd9GcRIxQ4CRcGTr3fxClkvzBPK9kSHmv1-WDt8nQ&s',0),(102,153,'Succotash','stew','https://encrypted-tbn0.gstatic.com/images?q=tbn:ANd9GcQcL89U2U8b-poOf76uNHs2drbmyYz-rGESwA&s',1),(103,153,'Guinea Fowl Paella','rice dish','https://riverbankandbadger.wordpress.com/wp-content/uploads/2012/08/eq-guinea.jpg',0),(104,159,'Cabbage Cream Soup','soup','https://www.realsimple.com/thmb/VCPU25PJn7Jg3Z_GaPikaHa6RF4=/1500x0/filters:no_upscale():max_bytes(150000):strip_icc()/creamy-potato-cabbage-soup-recipe1221DIN-44a8acb3054f4dcd9f665c0852e4f142.jpg',0),(105,159,'Verivorst with Mulgikapsad','meat dish','https://i0.wp.com/nationalfoods.org/wp-content/uploads/2017/06/National-Dish-of-Estonia-Verivorst-with-Mulgikapsad.jpg?resize=640%2C480&ssl=1',1),(106,159,'Marineeritud Angerjas','fish dish','https://encrypted-tbn0.gstatic.com/images?q=tbn:ANd9GcRVqsKsLkJOKW8LIWTpb0899o2j_3RiWMehBw&s',0),(107,12,'Kitfo','meat dish','https://encrypted-tbn0.gstatic.com/images?q=tbn:ANd9GcSXTOrkZiWpdZ72SVh87eQSkXctDEzrZRSC_g&s',1),(108,12,'Doro Wat','stew','https://www.diversivore.com/wp-content/uploads/2023/05/Doro-Wat-mobile-banner-1.jpg',0),(109,12,'Injera','bread','https://upload.wikimedia.org/wikipedia/commons/f/f6/Injera_with_eight_kinds_of_stew.jpg',0),(110,162,'Kokoda','fish dish','https://hailmaryfoodofgrace.com/wp-content/uploads/2020/05/t-3.jpg',1),(111,162,'Fish Lolo','fish dish','https://cdn.tasteatlas.com/images/dishes/5ece0feb67ae4f0faa2230884b5c2cf0.jpg?m=facebook',0),(112,117,'Karjalanpaisti','stew','https://encrypted-tbn0.gstatic.com/images?q=tbn:ANd9GcTb9bnae4-eWeiR2fwrXR8N5zqYDqbp5ntklQ&s',1),(113,117,'Karjalanpiirakat','stuffed pastry','https://encrypted-tbn0.gstatic.com/images?q=tbn:ANd9GcTicAiZxCry21Rrahu4QWwtnq-iBlaxvNfStA&s',0),(114,21,'Escargots a la Bourguignonne','snails','https://encrypted-tbn0.gstatic.com/images?q=tbn:ANd9GcTyyXMA04VMrFCOYMhjSqZWJrckJCJpXphWcA&s',0),(115,21,'Coq au Vin','stew','https://encrypted-tbn0.gstatic.com/images?q=tbn:ANd9GcRAoKVSB--2ry-W10Qd23jeGzVhj6r794Pz-A&s',0),(116,21,'Pot au Feu','stew','https://encrypted-tbn0.gstatic.com/images?q=tbn:ANd9GcSn3VNn81HHkXb46ZvgbNPfIxQVABTSlD5QAQ&s',1),(117,146,'Dongo-Dongo','soup','https://encrypted-tbn0.gstatic.com/images?q=tbn:ANd9GcT24_A28bu29DqlSxKeKCPfG9wIoQJVsf00yg&s',0),(118,146,'Poulet Nyembwe','stew','https://i.ytimg.com/vi/tLFM56GuqoQ/hq720.jpg?sqp=-oaymwEhCK4FEIIDSFryq4qpAxMIARUAAAAAGAElAADIQj0AgKJD&rs=AOn4CLAtS2NF5iOFQQJAvyUJpVTnIGtltg',1),(119,126,'Khinkali','dumplings','https://upload.wikimedia.org/wikipedia/commons/thumb/5/50/Khinkali_551.jpg/1200px-Khinkali_551.jpg',0),(120,126,'Khachapuri','stuffed bread','https://www.onceuponachef.com/images/2024/09/Khachapuri-Hero-8-500x500.jpg',1),(121,18,'Leberknoedelsuppe','soup','https://upload.wikimedia.org/wikipedia/commons/thumb/8/80/Leberknoedelsuppe.jpg/1200px-Leberknoedelsuppe.jpg',0),(122,18,'Sauerbraten','meat dish','https://www.sipandfeast.com/wp-content/uploads/2024/08/sauerbraten-recipe-snippet-4-500x375.jpg',1),(123,18,'Sauerkraut','vegetable dish','https://www.daringgourmet.com/wp-content/uploads/2021/01/Sauerkraut-9.jpg',0),(124,44,'Fufu','porridge','https://www.africanbites.com/wp-content/uploads/2022/04/Fufu-1-500x500.jpg',0),(125,44,'Jollof Rice','rice dish','https://eatwellabi.com/wp-content/uploads/2022/11/Jollof-rice-16.jpg',1),(126,89,'Mayeritsa','soup','https://encrypted-tbn0.gstatic.com/images?q=tbn:ANd9GcRWlw4d5QjSkKN-NY9kac9yMsXQubXjLsqWbw&s',0),(127,89,'Moussaka','casserole','https://www.recipetineats.com/tachyon/2019/03/Greek-Moussaka_3-re-edited-SQ.jpg',0),(128,89,'Souvlaki','grilled meat','https://www.allrecipes.com/thmb/_8nS4xBO9sGYJgHCKID0V-Yo_jA=/0x512/filters:no_upscale():max_bytes(150000):strip_icc()/14713-souvlaki-ddmfs-Beauty-3x4-06471d380b394255a7716405c4ec0a22.jpg',1),(129,207,'Suaasat','soup','https://upload.wikimedia.org/wikipedia/commons/7/7b/Suaasat.jpg',1),(130,191,'Oil Down','stew','https://encrypted-tbn0.gstatic.com/images?q=tbn:ANd9GcSaP3F95TaM7Vg83oF2viMwb2zuLedqYEIzOA&s',1),(131,69,'Pepian','stew','https://encrypted-tbn0.gstatic.com/images?q=tbn:ANd9GcSixwZhllgDNP9Ua2qvyvviRuvMMNSjBrXY6w&s',1),(132,69,'Arroz Guatemalteco','rice dish','https://img.sndimg.com/food/image/upload/f_auto,c_thumb,q_55,w_860,ar_3:2/v1/img/recipes/30/79/13/nWsgQ9aTfm6peuXctBtA_20170904_213720.jpg',0),(133,69,'Fiambre','salad','https://assets-us-01.kc-usercontent.com/3b1720e5-a9aa-0088-f165-1043ab81f774/3836d87b-2414-4b9e-b83a-0c41514337e2/Guatemalan-Fiambre_A_Web_400x250.jpg?w=1280&auto=format',0),(134,75,'Peanut Butter Pumpkin Soup','soup','https://www.ambitiouskitchen.com/wp-content/uploads/fly-images/37184/Peanut-Butter-Pumpkin-Chicken-Soup-3-725x725-1-480x270-c.jpg',0),(135,75,'Poulet Yassa','meat dish','https://fauziaskitchenfun.com/wp-content/uploads/2021/09/Poulet-Yassa-1920x1440.jpg',1),(136,75,'Kansiye','stew','https://static.wixstatic.com/media/929756_17f4a7ae9b314297b8c4db38a1dc0f32~mv2.jpg/v1/fill/w_626,h_576,al_c,q_85,usm_0.66_1.00_0.01,enc_avif,quality_auto/929756_17f4a7ae9b314297b8c4db38a1dc0f32~mv2.jpg',0),(137,75,'Fufu','porridge','https://www.smithsfoodanddrug.com/content/v2/binary/image/imageset/fufu--32_fufu_p_23-tkc-0180_b-copy.jpg',0),(138,150,'Iguana Stew','stew','https://www.travelright.today/wp-content/uploads/2020/03/IMG_2916-scaled.jpg',0),(139,150,'Jollof Rice','rice dish','https://images.food52.com/wOa5GeKf0FKYEUmJRZ7gtNjVi68=/583d2633-65c0-43d6-9b52-cba0c8fa1399--2019-1210_nigerian-jollof-rice_3x2_rocky-luten_006.jpg?w=3840&q=75',1),(140,165,'Cow-Heel Soup','soup','https://www.thespruceeats.com/thmb/BgUyR17LIj_Muc33n1TUV1ucGTs=/750x0/filters:no_upscale():max_bytes(150000):strip_icc():format(webp)/Cow-heel-soup-56a58b663df78cf77288bd4d.jpg',0),(141,165,'Curried Hassars','fish dish','https://www.alicaspepperpot.com/wp-content/uploads/2019/03/DSC_0105-scaled.jpg',0),(142,165,'Pepperpot','stew','https://static01.nyt.com/images/2024/01/24/multimedia/mp-pepperpot-lbgc/mp-pepperpot-lbgc-threeByTwoMediumAt2X.jpg?quality=75&auto=webp',1),(143,83,'Djon Djon','rice dish','https://food.fnr.sndimg.com/content/dam/images/food/fullset/2024/08/28/FNK_DijonDijon_503_H.jpg.rend.hgtvcom.826.620.suffix/1725029820981.webp',1),(144,83,'Haricots Rouges au Riz','rice dish','https://sainplementhealthy.com/wp-content/uploads/2021/04/riz-aux-haricots-rouges-et-sauce-tomate.jpg',0),(145,95,'Plato Tipico','grilled meat','https://delishglobe.com/wp-content/uploads/2025/01/Plato-Tipico-.png',1),(146,95,'Sopa de Caracol','soup','https://www.196flavors.com/wp-content/uploads/2018/10/sopa-de-caracol-1b-FP-500x500.jpg',0),(147,95,'Pupusa','tortilla','https://assets.bonappetit.com/photos/58e29a4f8f4c125ce35a1301/master/pass/0417-web-pupusa-beauty.jpg',0),(148,95,'Cazuela de Res','stew','https://img-global.cpcdn.com/recipes/fadaee2fd7c899a6/1200x630cq80/photo.jpg',0),(149,94,'Gulyasleves','soup','https://static01.nyt.com/images/2024/04/12/multimedia/sc-hungarian-gulyasrex-tbvk/sc-hungarian-gulyasrex-tbvk-jumbo.jpg',1),(150,94,'Lesco','vegetable dish','https://www.lindasimsnutrition.co.uk/wp-content/uploads/2020/12/JPEG-image-3-scaled.jpeg',0),(151,178,'Hakarlsstappa','fish dish','https://blogger.googleusercontent.com/img/b/R29vZ2xl/AVvXsEi5n0WjuavusgMLr7bLAeM46Nfs-luqLYjfMgmiM9I5rU0Vrv-qvzgD1IemE9pQm6S_6NSbPVTvuTXjP2SAnVTr5sbHy2o4X8Ihtf1tqLJwNr3gfEFhD4lUC0ez8qfT8T26x-rJhA/s320/IMG_2493.JPG',1),(152,178,'Plokkfiskur','fish dish','https://encrypted-tbn0.gstatic.com/images?q=tbn:ANd9GcRCRNwvl79VsNAR-bRevq3odXOudf2Li4jgIw&s',0),(153,178,'Kjotsupa','soup','https://adamantkitchen.com/wp-content/uploads/2019/07/Icelandic-Lamb-Soup-8.jpg',0),(154,2,'Tandoori Chicken','meat dish','https://www.allrecipes.com/thmb/ygY1JXP8_IkDSjPPW5VH2dTiMMU=/1500x0/filters:no_upscale():max_bytes(150000):strip_icc()/50347-indian-tandoori-chicken-DDMFS-4x3-3035-205e98c80b2f4275b5bd010c396d9149.jpg',1),(155,2,'Samosas','stuffed pastry','https://www.cherryonmysundae.com/wp-content/uploads/2020/06/mexican-samosas24935-feature.jpg',0),(156,2,'Tamarind Rice','rice dish','https://www.saveur.com/uploads/2022/01/21/Tamarind-rice-india-saveur-linda-pugliese.jpg?auto=webp',0),(157,4,'Gado Gado Salad','salad','https://images.immediate.co.uk/production/volatile/sites/30/2020/08/gado-gado-salad-876c31a.jpg',0),(158,4,'Nasi Goreng','rice dish','https://www.recipetineats.com/tachyon/2016/03/Nasi-Goreng_1-1.jpg',1),(159,4,'Bakmi','noodle dish','https://upload.wikimedia.org/wikipedia/commons/2/28/Bakmi_Aloi_Grogol_2.jpg',0),(160,123,'Irish Stew','stew','https://www.simplyrecipes.com/thmb/W8uC2OmR-C8WvHiURqfomkvnUnw=/1500x0/filters:no_upscale():max_bytes(150000):strip_icc()/__opt__aboutcom__coeus__resources__content_migration__simply_recipes__uploads__2015__03__irish-beef-stew-vertical-a2-1800-8012236ba7e34c37abc3baedcab4aff7.jpg',1),(161,123,'Colcannon','vegetable dish','https://www.thespruceeats.com/thmb/3aSW30yG5_6DBV3_lq1fhRT8yh8=/1500x0/filters:no_upscale():max_bytes(150000):strip_icc()/SES-irish-recipes-colcannon-recipe-435743-hero-01-f642add900984e76873dde7a215dd9c6.jpg',0),(162,98,'Hummus','vegetable dish','https://cdn.apartmenttherapy.info/image/upload/f_jpg,q_auto:eco,c_fill,g_auto,w_1500,ar_16:9/k%2FPhoto%2FRecipes%2F2024-08-hummus%2Fhummus-165',0),(163,98,'Falafel','vegetable dish','https://s7300.pcdn.co/wp-content/uploads/2023/01/falafel-2.jpg',1),(164,98,'Meorav Yerushalmi','grilled meat','https://upload.wikimedia.org/wikipedia/commons/5/53/Maoravyerushalmi.jpeg',0),(165,24,'Bruschetta','bread','https://www.allrecipes.com/thmb/QSsjryxShEx1L6o0HLer1Nn4jwA=/1500x0/filters:no_upscale():max_bytes(150000):strip_icc()/54165-balsamic-bruschetta-DDMFS-4x3-e2b55b5ca39b4c1783e524a2461634ea.jpg',0),(166,24,'Minestrone','soup','https://cdn.loveandlemons.com/wp-content/uploads/2021/11/minestrone-soup.jpg',0),(167,24,'Pizza','bread','https://www.foodandwine.com/thmb/iJw7N_NfcPpd-EB8rpYbzrkSFIM=/1500x0/filters:no_upscale():max_bytes(150000):strip_icc()/tomato-mozzarella-pizza-FT-RECIPE0725-e7244e979c504188a049623668c15b2e.jpg',1),(168,24,'Lasagne','pasta','https://www.tasteofhome.com/wp-content/uploads/2025/07/Best-Lasagna_EXPS_ATBBZ25_36333_DR_07_01_2b.jpg',0),(169,140,'Jamaican Meat Patties','patties','https://www.allrecipes.com/thmb/00SGbP1dXmi8wM8YJaSO3tiIHf0=/1500x0/filters:no_upscale():max_bytes(150000):strip_icc()/AR-48540-jamaican-beef-patties-DDMFS-4x3-59d2d741d3684812a3d68f519300906e.jpg',0),(170,140,'Jerk Chicken','meat dish','https://encrypted-tbn0.gstatic.com/images?q=tbn:ANd9GcTz1N3Mm3VPHjsiQXTiGHk1kX8lJ-K2z9n5dVYZBkpL7MzEnorYSRjT-zQ8ifsK80NMTXXoUFw5H58x4vtEXmULDkh4PdIh7ez849on5A0qfg&s=10',0),(171,140,'Ackee and Saltfish','fish dish','https://encrypted-tbn0.gstatic.com/images?q=tbn:ANd9GcQgw0QiMUsNOf5CFO8tx3owPUWnDbXlBTv3PsM10PhcpQY29Mp8kBZoapAt9rNHkeHsSvgXjJ0GWmM5s97UOAdbIZaonJXnyjasLCZe6K7nSA&s=10',1),(172,11,'Ebiten','tempura','https://sudachirecipes.com/wp-content/uploads/2023/10/ebiten-udon-thumbnail.jpg',0),(173,11,'Miso Soup','soup','https://encrypted-tbn0.gstatic.com/images?q=tbn:ANd9GcSv59cgVTxpQnqhBCJlw4qNcv2389T_VXRKYBvscy-L9Aj6WENW-vxEJjjMdJOqcrF2hEWCUnCwNBj3W45uCGReCLqWPpITn4IEMd4nZU3K&s=10',0),(174,11,'Chirashi Sushi','fish dish','https://encrypted-tbn0.gstatic.com/images?q=tbn:ANd9GcTuzK0mL27G8vE-o4UfqpJdjKujWVcvvqkGx5ggOMxMA89qayeZeSZaodkNNkCX5X-SLK_sx-y-gMxf3v9gh0rH5Kj_92CepcziKVj0YpRo&s=10',1),(175,11,'Ramen','soup','https://encrypted-tbn0.gstatic.com/images?q=tbn:ANd9GcRI_Pmyt23coCZPtdnLg6PDZImzxJJtyln4wFcdcvVmfohOGLSwY9IQq7yxnmceqr3hQnZhZ_s-XyrQqKIC7hRA6TxJ1tqfL-lPuXuwRbCO&s=10',0),(176,84,'Mansaf','meat dish','https://encrypted-tbn0.gstatic.com/images?q=tbn:ANd9GcSSaDfvROxnFFV6BKO8gWBJsBB6ctSsa8M9qh0GewMEF7XD75Qu45mmnMEH2LOqWrAX1wX5qrr4PJYRwTX9DiE_prxtqYl6HI3Hn3YB3EjBZw&s=10',1),(177,27,'Sukuma Wiki','vegetable dish','https://encrypted-tbn0.gstatic.com/images?q=tbn:ANd9GcSoO8vWxiDsVr0Sx8E_mDfp9NBsHWeNjWRclw&s',1),(178,27,'Nyama Choma','grilled meat','https://lowcarbafrica.com/wp-content/uploads/2022/10/Nyama-Choma-IG-1.jpg',0),(179,27,'Ugali','porridge','https://upload.wikimedia.org/wikipedia/commons/4/48/Ugali_%26_Sukuma_Wiki.jpg',0),(180,190,'Palusami','vegetable dish','https://encrypted-tbn0.gstatic.com/images?q=tbn:ANd9GcRxv99WBC8t8w1mMGxImhyrjq2XolBKGRh_Xg&s',1),(181,135,'Chicken Machboos','rice dish','https://everylittlecrumb.com/wp-content/uploads/chickenmachboos-10.jpg',1),(182,112,'Beshbarmak','meat dish','https://i0.wp.com/nationalfoods.org/wp-content/uploads/2018/03/National-Dish-of-Kazakhstan-Beshbarmak-served-in-red-dish.jpg?resize=640%2C360&ssl=1',1),(183,112,'Lagan','soup','https://leelalicious.com/wp-content/uploads/2015/03/Lagman-Uzbek-Noodle-Vegetable-Soup.jpg',0),(184,112,'Kazy Plov','rice dish','https://foodperestroika.com/wp-content/uploads/2018/05/Plov1-featured.jpg',0),(185,152,'Piragi','stuffed pastry','https://www.allrecipes.com/thmb/ZsAFKGekBPqC_AThI1i1uOrWl7w=/1500x0/filters:no_upscale():max_bytes(150000):strip_icc()/1082648-8096402dea8f4439b04ba5b26f6f408d.jpg',1),(186,152,'Karbonade','meat dish','https://latvianfood.lv/wp-content/uploads/karbonade-1.jpg',0),(187,122,'Baked Kibbeh','casserole','https://www.simplyleb.com/wp-content/uploads/Kibbeh-Bil-Sanieh-15.jpg',1),(188,122,'Tabbouleh','salad','https://cdn.loveandlemons.com/wp-content/uploads/2022/08/tabbouleh-1.jpg',0),(189,120,'Dumboy','porridge','https://encrypted-tbn0.gstatic.com/images?q=tbn:ANd9GcTdNywvHW2t0c_nhdTzNVZUjkXQquf6izGpEg&s',1),(190,120,'Palava','stew','https://upload.wikimedia.org/wikipedia/commons/f/f9/Palava_sauce_w-_cocoyam_leaf_%285612472154%29.jpg',0),(191,142,'Cepelinai','dumplings','https://upload.wikimedia.org/wikipedia/commons/thumb/8/81/Cepelinai_2%2C_Vilnius%2C_Lithuania_-_Diliff.jpg/2560px-Cepelinai_2%2C_Vilnius%2C_Lithuania_-_Diliff.jpg',1),(192,142,'Skilandis','meat dish','https://upload.wikimedia.org/wikipedia/commons/2/25/Skilandis2.jpg',0),(193,168,'Minchee','meat dish','https://kellysiewcooks.com/wp-content/uploads/2014/01/p1060286.jpg',1),(194,53,'Romazava','meat dish','https://images.squarespace-cdn.com/content/v1/52e887bee4b06b90fc8a7e3d/1665063687496-FMQ8E3Q1HQ378P5BZHS3/romazava-recipe.jpg?format=2500w',1),(195,53,'Vanilla-fragranced Duckling','meat dish','https://vanillaqueen.com/wp-content/uploads/2009/06/photo-42.jpg',0),(196,62,'Fish Curry with Nshima','curry','https://www.blackfoodie.co/wp-content/uploads/2021/03/photo_2021-03-24-22.18.18.jpeg',1),(197,62,'Goat Meatballs','meat dish','https://cdn-ilaljil.nitrocdn.com/akNwVEHDNrwdVtuLreifRnxSfxCOXDqc/assets/images/optimized/rev-613777e/shepherdsongfarm.com/wp-content/uploads/2023/08/Spicy-lamb-meatballs-35-1.jpg',0),(198,43,'Nasi Lemak','rice dish','https://upload.wikimedia.org/wikipedia/commons/5/55/Nasi_Lemak_dengan_Chili_Nasi_Lemak_dan_Sotong_Pedas%2C_di_Penang_Summer_Restaurant.jpg',1),(199,43,'Roti Canai','bread','https://upload.wikimedia.org/wikipedia/commons/5/56/Canai.jpg',0),(200,173,'Mas Riha','curry','https://www.oursweetadventures.com/wp-content/uploads/2025/01/Maldivian-Fish-Curry-6.jpg',1),(201,61,'Maafe','stew','https://www.africanbites.com/wp-content/uploads/2015/07/IMG_5794-Version-2.jpg',1),(202,61,'Jollof Rice','rice dish','https://images.food52.com/wOa5GeKf0FKYEUmJRZ7gtNjVi68=/583d2633-65c0-43d6-9b52-cba0c8fa1399--2019-1210_nigerian-jollof-rice_3x2_rocky-luten_006.jpg?w=3840&q=75',0),(203,175,'Pastizzi','pastry','https://upload.wikimedia.org/wikipedia/commons/f/fc/Malta_Pastizzi.JPG',0),(204,175,'Stuffat Tal-Fenek','stew','https://static.wixstatic.com/media/bec19b_107e12f9830a48f5921576f5199a3272~mv2.webp/v1/fill/w_1224,h_615,al_c,q_85,usm_0.66_1.00_0.01,enc_avif,quality_auto/Stuffat%20Tal%20Fenek%20From%20Malta.webp',1),(205,201,'Macadamia Nut Pie','pie','https://wildwildwhisk.com/wp-content/uploads/2021/03/Macadamia-Nut-Pie-1.jpg',1),(206,128,'Thieboudienne','fish dish','https://static01.nyt.com/images/2023/09/20/multimedia/18KOMOLAFErex-thieboudienne-pwqc/15KOMOLAFErex-thieboudienne-pwqc-threeByTwoMediumAt2X.jpg?quality=75&auto=webp',1),(207,128,'Couscous','couscous','https://i2.wp.com/lifemadesimplebakes.com/wp-content/uploads/2021/06/Perfect-Cous-Cous-1-1200.jpg',0),(208,157,'Beef Curry','curry','https://www.simplejoy.com/wp-content/uploads/2020/06/beef-curry-recipe-2-1365x2048.jpg',1),(209,157,'Chicken Fricassee','stew','https://cdn.apartmenttherapy.info/image/upload/f_auto,q_auto:eco,c_fit,w_730,h_548/k%2FPhoto%2FRecipes%2F2024-09-chicken-fricasse%2Fchicken-fricasse-422',0),(210,10,'Pollo en Mole','meat dish','https://assets.tmecosys.cn/image/upload/t_web_rdp_recipe_584x480_1_5x/img/recipe/ras/Assets/265DBEE1-3A43-4C41-BBA3-003F2CB7D6BA/Derivates/B1E711B2-1A74-46F9-8EDA-FAA1165B4062.jpg',1),(211,10,'Tacos al Pastor','tacos','https://www.isabeleats.com/wp-content/uploads/2023/06/tacos-al-pastor-small-10.jpg',0),(212,10,'Enchiladas','tortilla','https://thecookingjar.com/wp-content/uploads/2024/02/beef-enchiladas-7.jpg',0),(213,133,'Bansh','dumplings','https://correctmongolia.com/wp-content/uploads/2023/03/bansh-recipe-1536x1024.jpg',1),(214,40,'Lamb Tagine with Couscous','stew','https://th.bing.com/th/id/OIP.tpHGFIXJQouTmn1X_LqwVQHaE8?w=256&h=180&c=7&r=0&o=7&pid=1.7&rm=3',1),(215,45,'Frango a Cafreal','grilled meat','https://th.bing.com/th/id/OIP.CwS-NQCrAQq53m8xGaHouQHaE8?w=249&h=180&c=7&r=0&o=7&pid=1.7&rm=3',1),(216,45,'Mozambique Prawns','seafood','https://tse2.mm.bing.net/th/id/OIP.wdEh5jH2JsDJxZrZY4GTjwHaHa?rs=1&pid=ImgDetMain&o=7&rm=3',0),(217,49,'Dal Bhat','vegetable curry','https://tse4.mm.bing.net/th/id/OIP.zsHrbS0VcpHv-tuX8SH1IgHaHa?rs=1&pid=ImgDetMain&o=7&rm=3',1),(218,49,'Nepali Goat Curry','meat curry','https://tse2.mm.bing.net/th/id/OIP.895CbeoKIdOId-TxEx6qlQHaHa?rs=1&pid=ImgDetMain&o=7&rm=3',0),(219,71,'Hutspot met Klapstuk','meat dish','https://tse2.mm.bing.net/th/id/OIP.kWGK59kEoDQ0O7nElFQ0lgHaE8?rs=1&pid=ImgDetMain&o=7&rm=3',1),(220,71,'Hollandse Nieuwe Haring','fish dish','https://live.staticflickr.com/4248/34169463764_22758646c2_b.jpg',0),(221,125,'Bacon and Egg Pie','pie','https://th.bing.com/th/id/OIP.n9GcTCQqd6p30GkYwJgwkQHaEK?o=7rm=3&rs=1&pid=ImgDetMain&o=7&rm=3',0),(222,125,'Braised Lamb Shanks with Mashed Potatoes','meat dish','https://tse3.mm.bing.net/th/id/OIP.QMb3vxM6jhrhP_wDLyT1gQHaHa?rs=1&pid=ImgDetMain&o=7&rm=3',1),(223,110,'Gallo Pinto','rice dish','https://th.bing.com/th/id/R.d26ee4c0221ee045411951cf0a1d1924?rik=pS9AiuowJYQuFA&pid=ImgRaw&r=0',1),(224,56,'Djerma Stew','stew','https://tse1.mm.bing.net/th/id/OIP.F1W8yLp8YhdKs4LpACNCjQHaE8?rs=1&pid=ImgDetMain&o=7&rm=3',1),(225,56,'Jollof Rice','rice dish','https://www.simplyrecipes.com/thmb/8tuWsXa20tW514fHHivfG1OVsy8=/1500x0/filters:no_upscale():max_bytes(150000):strip_icc()/Simply-Recipes-Jollof-Rice-LEAD-5-2c3312cf021741d299b84926a0b45181.jpg',0),(226,6,'Jollof Rice','rice dish','https://tse4.mm.bing.net/th/id/OIP.LEIU-i4Hj8_8CQKcLGAGqAHaE8?rs=1&pid=ImgDetMain&o=7&rm=3',1),(227,6,'Egusi Soup','soup','https://tse3.mm.bing.net/th/id/OIP.jxrWWv-OOc5N9o5SZKttUAHaLG?rs=1&pid=ImgDetMain&o=7&rm=3',0),(228,118,'Farikal','stew','https://tse3.mm.bing.net/th/id/OIP.tDxY_ZZFJDMTdo0jrlgErQHaHh?rs=1&pid=ImgDetMain&o=7&rm=3',1),(229,118,'Smorbrod','sandwich','https://as2.ftcdn.net/v2/jpg/01/90/75/01/1000_F_190750150_nOh2KQwxhJns7MExfn6cjamp8vSlkssN.jpg',0),(230,130,'Shuwa','meat dish','https://th.bing.com/th/id/R.d1191335613b697e0cea4688b953b629?rik=yNmSeYUL%2fXnl7w&pid=ImgRaw&r=0',1),(231,5,'Mutton Biryani','rice dish','https://tse4.mm.bing.net/th/id/OIP.qxdUA2QGxQ88_fgHT7fNsgHaHa?rs=1&pid=ImgDetMain&o=7&rm=3',1),(232,5,'Bhari Bhindi','vegetable dish','https://tse4.mm.bing.net/th/id/OIP.Bu_3RgHecI1whLHhIWOXeQHaEK?rs=1&pid=ImgDetMain&o=7&rm=3',0),(233,220,'Fruit Bat Soup','soup','https://tse1.mm.bing.net/th/id/OIP.bOlJqeik4BZnYO-nXMrcGwHaEv?rs=1&pid=ImgDetMain&o=7&rm=3',1),(234,127,'Sancocho','soup','https://cdn.britannica.com/73/252273-050-DC869D4D/sancocho-stew-Colombia.jpg',1),(235,127,'Tamales Panamenos','stuffed rolls','https://th.bing.com/th/id/R.439af9b07f4c57793136d456476adb1b?rik=oTkCIN5VbjPz%2bw&pid=ImgRaw&r=0',0),(236,104,'Sopa Paraguayana','bread dish','https://th.bing.com/th/id/OIP.y-Iy9YyU9Vu0oUjdWwU95wHaEK?o=7rm=3&rs=1&pid=ImgDetMain&o=7&rm=3',1),(237,104,'Payagua Mascada','patties','https://th.bing.com/th/id/OIP.jKX2EPK2kM_eOG7S0XDClgHaE8?w=250&h=180&c=7&r=0&o=7&pid=1.7&rm=3',0),(238,46,'Ceviche','salad','https://tse3.mm.bing.net/th/id/OIP.vOvIi2RkCchqIguGEFwn1wHaFj?rs=1&pid=ImgDetMain&o=7&rm=3',1),(239,13,'Adobo','stew','https://tse2.mm.bing.net/th/id/OIP.XwmxAU5-1dw09gd-HDgxtAHaE8?rs=1&pid=ImgDetMain&o=7&rm=3',1),(240,13,'Pork Sinigang','soup','https://tse3.mm.bing.net/th/id/OIP.cjH3cwPnQFMupY7UjLKECAHaE8?rs=1&pid=ImgDetMain&o=7&rm=3',0),(241,39,'Bigos','stew','https://tse3.mm.bing.net/th/id/OIP.zjfbdnPPoGFsErGeYI1vHwHaE8?rs=1&pid=ImgDetMain&o=7&rm=3',0),(242,39,'Pierogi','dumplings','https://th.bing.com/th/id/OIP.qxZMMhB6zZ06_8g1UfbQhAHaFj?o=7rm=3&rs=1&pid=ImgDetMain&o=7&rm=3',1),(243,91,'Cozido a Portuguesa','hot pot','https://th.bing.com/th/id/OIP.bFXe2NTn01qb-cU4ODZTdAHaFi?w=222&h=180&c=7&r=0&o=7&pid=1.7&rm=3',0),(244,91,'Bacalhau a Gomes de Sa','casserole','https://tse2.mm.bing.net/th/id/OIP.oiixAl4PrUqKW7lmh5gXgwHaEK?rs=1&pid=ImgDetMain&o=7&rm=3',1),(245,143,'Machboos ala Dajaj','rice dish','https://tse2.mm.bing.net/th/id/OIP.cURZepAyIuUJzEL78REnSwHaE8?rs=1&pid=ImgDetMain&o=7&rm=3',1),(246,76,'Goat Brochettes','grilled meat','https://tse1.explicit.bing.net/th/id/OIP.eritPIx9gEN0puj3zrhcbgHaE7?rs=1&pid=ImgDetMain&o=7&rm=3',1),(247,76,'Ugali','porridge','https://tse4.mm.bing.net/th/id/OIP.BZ2x1u-IfQxejmcHMlijEgHaFj?rs=1&pid=ImgDetMain&o=7&rm=3',0),(248,208,'Stewed Saltfish','fish dish','https://encrypted-tbn0.gstatic.com/images?q=tbn:ANd9GcQtXTWcGgaiSCwv0Clx2kNWep9YCQq6RwUNPA&s',1),(249,187,'Green Fig and Saltfish','fish dish','https://encrypted-tbn0.gstatic.com/images?q=tbn:ANd9GcSWqM8cerY5KRr_jFZ0U54FmSxnJXYoUYNeHA&s',1),(250,196,'Roasted Breadfruit and Fried Jackfish','fish dish','https://encrypted-tbn0.gstatic.com/images?q=tbn:ANd9GcSk9UhKAHW6O22PknZxOtCXRJgZMhOqQSu2bQ&s',1),(251,185,'Palusami','casserole','https://i0.wp.com/www.angsarap.net/wp-content/uploads/2018/01/Palu-Sami-Wide.jpg',1),(252,42,'Kabsa','rice dish','https://stewwithsaba.com/wp-content/uploads/2025/06/IMG_5601-1-edited.jpg',0),(253,42,'Saliq','meat dish','https://upload.wikimedia.org/wikipedia/commons/thumb/a/a8/Chicken_Saleeg.jpg/250px-Chicken_Saleeg.jpg',1),(254,67,'Thieboudienne','fish dish','https://encrypted-tbn0.gstatic.com/images?q=tbn:ANd9GcTKpv7nA4egZ4iOX26KJwgbSGiRvuiJyyIqGw&s',1),(255,67,'Poulet Yassa','meat dish','https://encrypted-tbn0.gstatic.com/images?q=tbn:ANd9GcSceJlT8ULZi9C0g6Tv6b0uIifJqfeKqtcbSg&s',0),(256,198,'Fruit Bat Soup','soup','https://encrypted-tbn0.gstatic.com/images?q=tbn:ANd9GcQpy3leZz1F3brefX1VqsQgMYt2UTLkyJ4NPw&s',1),(257,100,'Cassava Leaves Stew','stew','https://s.soyrice.com/media/20250520073927/cassava-leaf-stew_done1-500x500.jpg',1),(258,100,'Jollof Rice','rice dish','https://encrypted-tbn0.gstatic.com/images?q=tbn:ANd9GcRGb7ic70-Ri4amPTy4RByWZ1sQY8K17DlEuQ&s',0),(259,113,'Chilli Crab','seafood','https://encrypted-tbn0.gstatic.com/images?q=tbn:ANd9GcQvSeXmxqJonzen8b_kLJ6TG-ASJ1yJeBo-ew&s',1),(260,113,'Nasi Goreng','rice dish','https://encrypted-tbn0.gstatic.com/images?q=tbn:ANd9GcSSBa7BXiSto9s_ziy2Ie4mu-SK3XmaX2g0hg&s',0),(261,121,'Jota','soup','https://encrypted-tbn0.gstatic.com/images?q=tbn:ANd9GcS276KYFD3n5fHfYTosXSudWDMa-viLiYoC_g&s',1),(262,149,'Belokranjska Povitica','cake','https://encrypted-tbn0.gstatic.com/images?q=tbn:ANd9GcS01Ahedv2tTpEiaugFc5NFrBFsIHZN_ItJNA&s',1),(263,166,'Poi','porridge','https://encrypted-tbn0.gstatic.com/images?q=tbn:ANd9GcRWnBb2F--DHTAYqgU13yz-HpnDeFnYdMLrGQ&s',1),(264,25,'Bobotie','casserole','https://www.panningtheglobe.com/wp-content/uploads/2013/02/bobotie-square.jpg',1),(265,25,'Venison Ptjiekos','stew','https://encrypted-tbn0.gstatic.com/images?q=tbn:ANd9GcRrTOlJt0tn_41tCYUaUeoYMNGnoWoRRaPR-Q&s',0),(266,32,'Tortilla de Patata','omelet','https://encrypted-tbn0.gstatic.com/images?q=tbn:ANd9GcRVzRp5Hil33S4ERX83gNTGuuP0mLb4onaAHQ&s',0),(267,32,'Gazpacho','soup','https://encrypted-tbn0.gstatic.com/images?q=tbn:ANd9GcRF_MsX-SYFGcQbAv13MMleX-2F11qgfIth_A&s',0),(268,32,'Paella Valenciana','rice dish','https://encrypted-tbn0.gstatic.com/images?q=tbn:ANd9GcR9PGqQHoVd_aIkIPJTeyxmv6A4jan32KCu6Q&s',1),(269,58,'Ambul Thiyal','curry','https://encrypted-tbn0.gstatic.com/images?q=tbn:ANd9GcRSFmIw6gPVJ6_4j8MalT1_LUdoLKSr204FAg&s',1),(270,58,'Kottu Roti','bread dish','https://encrypted-tbn0.gstatic.com/images?q=tbn:ANd9GcSSerZpq3SoE004d2aDkM8ahl2iPk3ZJusa9g&s',0),(271,30,'Ful Medames','bean dish','https://upload.wikimedia.org/wikipedia/commons/b/bf/Ful_medames_%28arabic_meal%29.jpg',1),(272,169,'Pom','casserole','https://encrypted-tbn0.gstatic.com/images?q=tbn:ANd9GcT5X0ygbpCKyrD3IMVDObjIg3YfG9_9JUH1RA&s',1),(273,88,'Koettbullar','meat dish','https://spicebreeze.com/wp-content/uploads/2019/06/K%C3%B6ttbullar-sq.jpg',1),(274,88,'Surstroemming','fish','https://img.atlasobscura.com/8uYSZGQmGsPTS0lj6JJbUUd7V0LGRxeRgizDJVglEpg/rs:fill:580:580:1/g:ce/c:983:983:nowe:0:0/q:81/sm:1/scp:1/ar:1/aHR0cHM6Ly9hdGxh/cy1kZXYuczMuYW1h/em9uYXdzLmNvbS91/cGxvYWRzL3RoaW5n/X2ltYWdlcy85ZmFj/ZmZmZWI0NmUzN2Jl/OTNfU3Vyc3Ryb21t/aW5nX215aG9tZWlz/YWNhc3RsZS5qcGc.jpg',0),(275,88,'Ostkaka','cake','https://encrypted-tbn0.gstatic.com/images?q=tbn:ANd9GcQ9CfsRiMTmyGC2L2clUQm-LK1nFlhX29W2BA&s',0),(276,102,'Fondue','cheese dish','https://encrypted-tbn0.gstatic.com/images?q=tbn:ANd9GcRn81xjC-xnkxTCCMOPaoDBNHKit9sJoEKsHQ&s',1),(277,102,'Roesti','pancakes','https://www.seriouseats.com/thmb/zGuQ-QGH8eU9CjCYXBPlLFH8DkQ=/1500x0/filters:no_upscale():max_bytes(150000):strip_icc()/20220201-rosti-vicky-wasik-17-39a3c1132a774c5ab85784b3f75de739.jpg',0),(278,97,'Plov','rice dish','https://encrypted-tbn0.gstatic.com/images?q=tbn:ANd9GcSuRw9qAhPbZ0GgBZQN4rYWatQHAMgqc20OFA&s',1),(279,20,'Pad Thai','noodle dish','https://www.recipetineats.com/tachyon/2020/01/Chicken-Pad-Thai_9-SQ.jpg?resize=500%2C500',1),(280,20,'Tom Yum Goong','soup','https://encrypted-tbn0.gstatic.com/images?q=tbn:ANd9GcTJ0-A7Laz4Rf9dtYCzz3uSJWsUOJrzsHIEAQ&s',0),(281,20,'Som Tum','salad','https://importfood.com/images/com_yoorecipe/21/somtum11_12l.jpg',0),(282,101,'Akume with Ademe Sauce','meat dish','https://encrypted-tbn0.gstatic.com/images?q=tbn:ANd9GcRkqy6rrEieKRh5Wo6aJB-mYZIhftMeh-K07Q&s',0),(283,101,'Couscous in Peanut Sauce','stew','https://www.ambitiouskitchen.com/wp-content/uploads/2021/02/One-Pan-Thai-Peanut-Chicken-Couscous-4.jpg',1),(284,101,'Gboma Dessi','stew','https://encrypted-tbn0.gstatic.com/images?q=tbn:ANd9GcQ8mEMxbxf2J6RMHNtKsLvHL8n8UVc8mFAVUg&s',0),(285,192,'Lu Pulu','meat dish','https://www.beryl.nyc//wp-content/uploads/2025/05/Coconut.00_22_20_49.Still083-1024x576.jpg',1),(286,156,'Callaloo','stew','https://encrypted-tbn0.gstatic.com/images?q=tbn:ANd9GcQde8ZdZwbZLCcQGDx7UtAOXw0XDyiQcl10Qw&s',1),(287,156,'Sancoche','stew','https://hispanicfoodnetwork.com/wp-content/uploads/2023/09/Venezuelan-Sancocho.jpg',0),(288,81,'Tunisian Couscous with Lamb','stew','https://encrypted-tbn0.gstatic.com/images?q=tbn:ANd9GcTWVyqPu6-ehXd1XYpxqJVbEbMLHsbpmotkBw&s',1),(289,81,'Kamounia','stew','https://encrypted-tbn0.gstatic.com/images?q=tbn:ANd9GcTb-Vi_c1qS5ClYXUkORwzh6w6MIU69LMmU6w&s',0),(290,19,'Kebab','meat dish','https://cookingorgeous.com/wp-content/uploads/2021/06/lamb-shish-kebab-20.jpg',1),(291,19,'Kuru Fasulye','stew','https://encrypted-tbn0.gstatic.com/images?q=tbn:ANd9GcS2qlgwjGn79EyUhUt0YMAtbLxthSFflYO0XA&s',0),(292,115,'Plov','rice dish','https://encrypted-tbn0.gstatic.com/images?q=tbn:ANd9GcSuRw9qAhPbZ0GgBZQN4rYWatQHAMgqc20OFA&s',1),(293,223,'Pulaka','vegetable dish','https://encrypted-tbn0.gstatic.com/images?q=tbn:ANd9GcTefaoiKYWd2jH-lxrxTab-TeZV7HSdDSh8Zg&s',1),(294,223,'Tuvalu Tuna','fish dish','https://www.notesfromamessykitchen.com/wp-content/uploads/2017/08/IMG_20170814_195601-1024x768.jpg',0),(295,31,'Matoke','fruit dish','https://sixhungryfeet.com/wp-content/uploads/2023/07/Matoke-Recipe-6.jpg',1),(296,35,'Borscht','soup','https://tatyanaseverydayfood.com/wp-content/uploads/2020/03/Classic-Beef-Borscht.jpg',1),(297,35,'Varenyky','dumplings','https://encrypted-tbn0.gstatic.com/images?q=tbn:ANd9GcRNR41DlWM1Qr1Tjw83x94TIRrZtxq1mn4jCg&s',0),(298,92,'Murraq','stew','https://media-cdn.tripadvisor.com/media/photo-s/1a/8a/fe/ef/one-of-the-coolest-outlet.jpg',0),(299,92,'Samak Makli','fish dish','https://img-global.cpcdn.com/recipes/6ca7b6adafea99e9/680x781cq80/samak-mashwi-arabian-spiced-fish-recipe-main-photo.jpg',1),(300,92,'Kharoof Mahshi','meat dish','https://blogger.googleusercontent.com/img/b/R29vZ2xl/AVvXsEise5acOdFTbsgq4E8_M2A0Xqpt8ZXVm6Y_Z2plJ2f-wmu1EfvEDoO4_D4ybSPjyMg7o_MVFsVxAOr1QtwmDiiRLhh6kh8Bp_bgDmj3WlhjLcthUUZkNtHyzAFHUX2wMPWpC04X527RRDzG/w1200-h630-p-k-no-nu/WHOLE+STUFFED+LAMB.jpg',0),(301,22,'Fish and Chips','fish dish','https://encrypted-tbn0.gstatic.com/images?q=tbn:ANd9GcQG2PRV-7jMUZVfU70SRgbYV_nu8W4QwtW8wA&s',1),(302,22,'Haggis','sausage','https://encrypted-tbn0.gstatic.com/images?q=tbn:ANd9GcTAnPXkb1b39ifT7O4E_7u7qPUhWsQpbMWo_A&s',0),(303,22,'Shepherds Pie','pie','https://encrypted-tbn0.gstatic.com/images?q=tbn:ANd9GcQChPYAWug5QLPs-uMtY_iRWH6jdwdkusEC6A&s',0),(304,132,'Churrasco (Asado)','barbecue','https://encrypted-tbn0.gstatic.com/images?q=tbn:ANd9GcQQVJ1EvYv3AUyGxFHXZq1m8o_urscqKHRk7A&s',0),(305,132,'Chivito','sandwich','https://encrypted-tbn0.gstatic.com/images?q=tbn:ANd9GcQAHw7xAbGYM3s6yxkpJ1v083n4SdycGUXoVA&s',1),(306,48,'Palov (Pilaf)','rice dish','https://encrypted-tbn0.gstatic.com/images?q=tbn:ANd9GcQKp34NJDWOVx_b-Ie7JYemCuNQmGC_7HcIPQ&s',1),(307,180,'Lap lap','wraps','https://popmenucloud.com/cdn-cgi/image/width%3D1200%2Cheight%3D1200%2Cfit%3Dscale-down%2Cformat%3Dauto%2Cquality%3D60/msdfqyau/7ac4ccb6-5d6b-4f03-825f-598d99d6ddd1.JPG',1),(308,47,'Saltah','stew','https://cdn.tasteatlas.com//images/dishes/22a3c353ca9d4dde8ae4411b2601f7d8.jpg?width=320&height=205',1),(309,47,'Chicken Kabsa','rice dish','https://encrypted-tbn0.gstatic.com/images?q=tbn:ANd9GcSixBnQIBskRjgDavh4jvPxW5ynKwu0f5uafw&s',0),(310,63,'Nshima','porridge','https://www.blackfoodie.co/wp-content/uploads/2021/03/photo_2021-03-24-22.18.18.jpeg',1),(311,73,'Sadza with Goat and Greens','porridge','https://encrypted-tbn0.gstatic.com/images?q=tbn:ANd9GcQp7HJZD3cEzcUA8uVrye_7ZjY2IPcnIgS-iQ&s',1);
/*!40000 ALTER TABLE `dish` ENABLE KEYS */;
UNLOCK TABLES;

--
-- Table structure for table `dish_category`
--

DROP TABLE IF EXISTS `dish_category`;
/*!40101 SET @saved_cs_client     = @@character_set_client */;
/*!50503 SET character_set_client = utf8mb4 */;
CREATE TABLE `dish_category` (
  `dish_id` int NOT NULL,
  `category_id` int NOT NULL,
  PRIMARY KEY (`dish_id`,`category_id`),
  KEY `category_id` (`category_id`),
  CONSTRAINT `dish_category_ibfk_1` FOREIGN KEY (`dish_id`) REFERENCES `dish` (`id`),
  CONSTRAINT `dish_category_ibfk_2` FOREIGN KEY (`category_id`) REFERENCES `category` (`id`)
) ENGINE=InnoDB DEFAULT CHARSET=utf8mb4 COLLATE=utf8mb4_0900_ai_ci;
/*!40101 SET character_set_client = @saved_cs_client */;

--
-- Dumping data for table `dish_category`
--

LOCK TABLES `dish_category` WRITE;
/*!40000 ALTER TABLE `dish_category` DISABLE KEYS */;
/*!40000 ALTER TABLE `dish_category` ENABLE KEYS */;
UNLOCK TABLES;

--
-- Table structure for table `dish_ingredient`
--

DROP TABLE IF EXISTS `dish_ingredient`;
/*!40101 SET @saved_cs_client     = @@character_set_client */;
/*!50503 SET character_set_client = utf8mb4 */;
CREATE TABLE `dish_ingredient` (
  `dish_id` int NOT NULL,
  `ingredient_id` int NOT NULL,
  PRIMARY KEY (`dish_id`,`ingredient_id`),
  KEY `ingredient_id` (`ingredient_id`),
  CONSTRAINT `dish_ingredient_ibfk_1` FOREIGN KEY (`dish_id`) REFERENCES `dish` (`id`),
  CONSTRAINT `dish_ingredient_ibfk_2` FOREIGN KEY (`ingredient_id`) REFERENCES `ingredient` (`id`)
) ENGINE=InnoDB DEFAULT CHARSET=utf8mb4 COLLATE=utf8mb4_0900_ai_ci;
/*!40101 SET character_set_client = @saved_cs_client */;

--
-- Dumping data for table `dish_ingredient`
--

LOCK TABLES `dish_ingredient` WRITE;
/*!40000 ALTER TABLE `dish_ingredient` DISABLE KEYS */;
/*!40000 ALTER TABLE `dish_ingredient` ENABLE KEYS */;
UNLOCK TABLES;

--
-- Table structure for table `ingredient`
--

DROP TABLE IF EXISTS `ingredient`;
/*!40101 SET @saved_cs_client     = @@character_set_client */;
/*!50503 SET character_set_client = utf8mb4 */;
CREATE TABLE `ingredient` (
  `id` int NOT NULL AUTO_INCREMENT,
  `name` varchar(255) DEFAULT NULL,
  PRIMARY KEY (`id`)
) ENGINE=InnoDB DEFAULT CHARSET=utf8mb4 COLLATE=utf8mb4_0900_ai_ci;
/*!40101 SET character_set_client = @saved_cs_client */;

--
-- Dumping data for table `ingredient`
--

LOCK TABLES `ingredient` WRITE;
/*!40000 ALTER TABLE `ingredient` DISABLE KEYS */;
/*!40000 ALTER TABLE `ingredient` ENABLE KEYS */;
UNLOCK TABLES;

--
-- Table structure for table `language`
--

DROP TABLE IF EXISTS `language`;
/*!40101 SET @saved_cs_client     = @@character_set_client */;
/*!50503 SET character_set_client = utf8mb4 */;
CREATE TABLE `language` (
  `id` int NOT NULL AUTO_INCREMENT,
  `name` varchar(255) DEFAULT NULL,
  PRIMARY KEY (`id`)
) ENGINE=InnoDB AUTO_INCREMENT=254 DEFAULT CHARSET=utf8mb4 COLLATE=utf8mb4_0900_ai_ci;
/*!40101 SET character_set_client = @saved_cs_client */;

--
-- Dumping data for table `language`
--

LOCK TABLES `language` WRITE;
/*!40000 ALTER TABLE `language` DISABLE KEYS */;
INSERT INTO `language` VALUES (1,'Chinese'),(2,'Hindi'),(3,'English'),(4,'Indonesian'),(5,'Urdu'),(6,'English'),(7,'Portuguese'),(8,'Bengali'),(9,'Russian'),(10,'Spanish'),(11,'Japanese'),(12,'Amharic'),(13,'Filipino'),(14,'French'),(15,'Arabic'),(16,'Vietnamese'),(17,'Persian'),(18,'German'),(19,'Turkish'),(20,'Thai'),(21,'French'),(22,'English'),(23,'Swahili'),(24,'Italian'),(25,'Zulu'),(26,'Burmese'),(27,'English'),(28,'Korean'),(29,'Spanish'),(30,'Arabic'),(31,'English'),(32,'Spanish'),(33,'Spanish'),(34,'Arabic'),(35,'Ukrainian'),(36,'Arabic'),(37,'Pashto'),(38,'English'),(39,'Polish'),(40,'Arabic'),(41,'Portuguese'),(42,'Arabic'),(43,'Malay'),(44,'English'),(45,'Portuguese'),(46,'Spanish'),(47,'Arabic'),(48,'Uzbek'),(49,'Nepali'),(50,'Spanish'),(51,'English'),(52,'French'),(53,'Malagasy'),(54,'English'),(55,'Korean'),(56,'French'),(57,'Chinese'),(58,'Sinhala'),(59,'Arabic'),(60,'French'),(61,'French'),(62,'English'),(63,'English'),(64,'Kazakh'),(65,'Spanish'),(66,'Arabic'),(67,'French'),(68,'Romanian'),(69,'Spanish'),(70,'Spanish'),(71,'Dutch'),(72,'Khmer'),(73,'English'),(74,'French'),(75,'French'),(76,'Kinyarwanda'),(77,'Kirundi'),(78,'Somali'),(79,'Spanish'),(80,'Arabic'),(81,'Arabic'),(82,'Dutch'),(83,'French'),(84,'Arabic'),(85,'Spanish'),(86,'Spanish'),(87,'Czech'),(88,'Swedish'),(89,'Greek'),(90,'Azerbaijani'),(91,'Portuguese'),(92,'Arabic'),(93,'English'),(94,'Hungarian'),(95,'Spanish'),(96,'Belarusian'),(97,'Tajik'),(98,'Hebrew'),(99,'German'),(100,'English'),(101,'French'),(102,'German'),(103,'Lao'),(104,'Spanish'),(105,'Chinese'),(106,'Arabic'),(107,'Bulgarian'),(108,'Serbian'),(109,'Spanish'),(110,'Spanish'),(111,'Tigrinya'),(112,'Kyrgyz'),(113,'English'),(114,'Danish'),(115,'Turkmen'),(116,'French'),(117,'Finnish'),(118,'Norwegian'),(119,'Sango'),(120,'English'),(121,'Slovak'),(122,'Arabic'),(123,'English'),(124,'Spanish'),(125,'English'),(126,'Georgian'),(127,'Spanish'),(128,'Arabic'),(129,'Croatian'),(130,'Arabic'),(131,'Bosnian'),(132,'Spanish'),(133,'Mongolian'),(134,'Romanian'),(135,'Arabic'),(136,'Albanian'),(137,'Spanish'),(138,'Armenian'),(139,''),(140,'English'),(141,'English'),(142,'Lithuanian'),(143,'Arabic'),(144,'English'),(145,'English'),(146,'French'),(147,'English'),(148,'Macedonian'),(149,'Slovenian'),(150,'Portuguese'),(151,'Serbian'),(152,'Latvian'),(153,'Spanish'),(154,'Arabic'),(155,'Portuguese'),(156,'English'),(157,'English'),(158,'Greek'),(159,'Estonian'),(160,'English'),(161,'Arabic'),(162,'English'),(163,'Arabic'),(164,'Dzongkha'),(165,'English'),(166,'English'),(167,'Luxembourgish'),(168,'Chinese'),(169,'Dutch'),(170,'Portuguese'),(171,'Montenegrin'),(172,'Arabic'),(173,'Divehi'),(174,'Malay'),(175,'Maltese'),(176,'English'),(177,'French'),(178,'Icelandic'),(179,'English'),(180,'Bislama'),(181,'English'),(182,'French'),(183,'French'),(184,'Portuguese'),(185,'Samoan'),(186,'English'),(187,'English'),(188,'English'),(189,'Dutch'),(190,'English'),(191,'English'),(192,'English'),(193,'English'),(194,'English'),(195,'English'),(196,'English'),(197,'English'),(198,'English'),(199,'Manx'),(200,'Catalan'),(201,'English'),(202,'English'),(203,'English'),(204,'English'),(205,'English'),(206,'English'),(207,'Greenlandic'),(208,'English'),(209,'Faroese'),(210,'English'),(211,'English'),(212,'English'),(213,'German'),(214,'English'),(215,'Italian'),(216,'French'),(217,'French'),(218,'English'),(219,'English'),(220,'English'),(221,'English'),(222,'French'),(223,'English'),(224,'Nauruan'),(225,'English'),(226,'English'),(227,'French'),(228,'English'),(229,'French'),(230,'English'),(231,'Norwegian'),(232,'English'),(233,'English'),(234,'English'),(235,'English'),(236,'Italian'),(237,'English'),(238,'English'),(239,'English'),(240,''),(241,'English'),(242,''),(243,'French'),(244,'French'),(245,''),(246,'French'),(247,'French'),(248,''),(249,'French'),(250,'English'),(251,''),(252,''),(253,'');
/*!40000 ALTER TABLE `language` ENABLE KEYS */;
UNLOCK TABLES;

--
-- Table structure for table `region`
--

DROP TABLE IF EXISTS `region`;
/*!40101 SET @saved_cs_client     = @@character_set_client */;
/*!50503 SET character_set_client = utf8mb4 */;
CREATE TABLE `region` (
  `id` int NOT NULL AUTO_INCREMENT,
  `name` varchar(255) DEFAULT NULL,
  PRIMARY KEY (`id`)
) ENGINE=InnoDB AUTO_INCREMENT=254 DEFAULT CHARSET=utf8mb4 COLLATE=utf8mb4_0900_ai_ci;
/*!40101 SET character_set_client = @saved_cs_client */;

--
-- Dumping data for table `region`
--

LOCK TABLES `region` WRITE;
/*!40000 ALTER TABLE `region` DISABLE KEYS */;
INSERT INTO `region` VALUES (1,'Asia'),(2,'Asia'),(3,'North America'),(4,'Asia'),(5,'Asia'),(6,'Africa'),(7,'South America'),(8,'Asia'),(9,'Europe'),(10,'North America'),(11,'Asia'),(12,'Africa'),(13,'Asia'),(14,'Africa'),(15,'Africa'),(16,'Asia'),(17,'Asia'),(18,'Europe'),(19,'Asia'),(20,'Asia'),(21,'Europe'),(22,'Europe'),(23,'Africa'),(24,'Europe'),(25,'Africa'),(26,'Asia'),(27,'Africa'),(28,'Asia'),(29,'South America'),(30,'Africa'),(31,'Africa'),(32,'Europe'),(33,'South America'),(34,'Africa'),(35,'Europe'),(36,'Asia'),(37,'Asia'),(38,'North America'),(39,'Europe'),(40,'Africa'),(41,'Africa'),(42,'Asia'),(43,'Asia'),(44,'Africa'),(45,'Africa'),(46,'South America'),(47,'Asia'),(48,'Asia'),(49,'Asia'),(50,'South America'),(51,'Africa'),(52,'Africa'),(53,'Africa'),(54,'Oceania'),(55,'Asia'),(56,'Africa'),(57,'Asia'),(58,'Asia'),(59,'Asia'),(60,'Africa'),(61,'Africa'),(62,'Africa'),(63,'Africa'),(64,'Asia'),(65,'South America'),(66,'Africa'),(67,'Africa'),(68,'Europe'),(69,'North America'),(70,'South America'),(71,'Europe'),(72,'Asia'),(73,'Africa'),(74,'Africa'),(75,'Africa'),(76,'Africa'),(77,'Africa'),(78,'Africa'),(79,'South America'),(80,'Africa'),(81,'Africa'),(82,'Europe'),(83,'North America'),(84,'Asia'),(85,'North America'),(86,'North America'),(87,'Europe'),(88,'Europe'),(89,'Europe'),(90,'Asia'),(91,'Europe'),(92,'Asia'),(93,'Oceania'),(94,'Europe'),(95,'North America'),(96,'Europe'),(97,'Asia'),(98,'Asia'),(99,'Europe'),(100,'Africa'),(101,'Africa'),(102,'Europe'),(103,'Asia'),(104,'South America'),(105,'Asia'),(106,'Africa'),(107,'Europe'),(108,'Europe'),(109,'North America'),(110,'North America'),(111,'Africa'),(112,'Asia'),(113,'Asia'),(114,'Europe'),(115,'Asia'),(116,'Africa'),(117,'Europe'),(118,'Europe'),(119,'Africa'),(120,'Africa'),(121,'Europe'),(122,'Asia'),(123,'Europe'),(124,'North America'),(125,'Oceania'),(126,'Asia'),(127,'North America'),(128,'Africa'),(129,'Europe'),(130,'Asia'),(131,'Europe'),(132,'South America'),(133,'Asia'),(134,'Europe'),(135,'Asia'),(136,'Europe'),(137,'North America'),(138,'Asia'),(139,'Asia'),(140,'North America'),(141,'Africa'),(142,'Europe'),(143,'Asia'),(144,'Africa'),(145,'Africa'),(146,'Africa'),(147,'Africa'),(148,'Europe'),(149,'Europe'),(150,'Africa'),(151,'Europe'),(152,'Europe'),(153,'Africa'),(154,'Asia'),(155,'Asia'),(156,'North America'),(157,'Seven seas (open ocean)'),(158,'Asia'),(159,'Europe'),(160,'Africa'),(161,'Africa'),(162,'Oceania'),(163,'Africa'),(164,'Asia'),(165,'South America'),(166,'Oceania'),(167,'Europe'),(168,'Asia'),(169,'South America'),(170,'Africa'),(171,'Europe'),(172,'Africa'),(173,'Seven seas (open ocean)'),(174,'Asia'),(175,'Europe'),(176,'North America'),(177,'North America'),(178,'Europe'),(179,'North America'),(180,'Oceania'),(181,'North America'),(182,'Oceania'),(183,'Oceania'),(184,'Africa'),(185,'Oceania'),(186,'Oceania'),(187,'North America'),(188,'North America'),(189,'North America'),(190,'Oceania'),(191,'North America'),(192,'Oceania'),(193,'North America'),(194,'Europe'),(195,'North America'),(196,'North America'),(197,'Oceania'),(198,'Seven seas (open ocean)'),(199,'Europe'),(200,'Europe'),(201,'Oceania'),(202,'North America'),(203,'North America'),(204,'Europe'),(205,'North America'),(206,'North America'),(207,'North America'),(208,'North America'),(209,'Europe'),(210,'Oceania'),(211,'North America'),(212,'Oceania'),(213,'Europe'),(214,'North America'),(215,'Europe'),(216,'North America'),(217,'Europe'),(218,'North America'),(219,'Europe'),(220,'Oceania'),(221,'North America'),(222,'Oceania'),(223,'Oceania'),(224,'Oceania'),(225,'Oceania'),(226,'Seven seas (open ocean)'),(227,'North America'),(228,'North America'),(229,'North America'),(230,'South America'),(231,'Europe'),(232,'Asia'),(233,'Oceania'),(234,'Oceania'),(235,'Insular Oceania'),(236,'Europe'),(237,'Oceania'),(238,'North America'),(239,'Oceania'),(240,''),(241,'Seven seas (open ocean)'),(242,''),(243,'South America'),(244,'Seven seas (open ocean)'),(245,'Asia'),(246,'North America'),(247,'Africa'),(248,''),(249,'Africa'),(250,'Seven seas (open ocean)'),(251,'Seven seas (open ocean)'),(252,'Antarctica'),(253,'Antarctica');
/*!40000 ALTER TABLE `region` ENABLE KEYS */;
UNLOCK TABLES;
/*!40103 SET TIME_ZONE=@OLD_TIME_ZONE */;

/*!40101 SET SQL_MODE=@OLD_SQL_MODE */;
/*!40014 SET FOREIGN_KEY_CHECKS=@OLD_FOREIGN_KEY_CHECKS */;
/*!40014 SET UNIQUE_CHECKS=@OLD_UNIQUE_CHECKS */;
/*!40101 SET CHARACTER_SET_CLIENT=@OLD_CHARACTER_SET_CLIENT */;
/*!40101 SET CHARACTER_SET_RESULTS=@OLD_CHARACTER_SET_RESULTS */;
/*!40101 SET COLLATION_CONNECTION=@OLD_COLLATION_CONNECTION */;
/*!40111 SET SQL_NOTES=@OLD_SQL_NOTES */;

-- Dump completed on 2025-12-02 10:06:58
